-- phpMyAdmin SQL Dump
-- version 4.5.1
-- http://www.phpmyadmin.net
--
-- Host: 127.0.0.1
-- Generation Time: Dec 20, 2015 at 04:37 PM
-- Server version: 10.1.8-MariaDB
-- PHP Version: 5.6.14

SET SQL_MODE = "NO_AUTO_VALUE_ON_ZERO";
SET time_zone = "+00:00";


/*!40101 SET @OLD_CHARACTER_SET_CLIENT=@@CHARACTER_SET_CLIENT */;
/*!40101 SET @OLD_CHARACTER_SET_RESULTS=@@CHARACTER_SET_RESULTS */;
/*!40101 SET @OLD_COLLATION_CONNECTION=@@COLLATION_CONNECTION */;
/*!40101 SET NAMES utf8mb4 */;

--
-- Database: `lms`
--
CREATE DATABASE IF NOT EXISTS `lms` DEFAULT CHARACTER SET latin1 COLLATE latin1_swedish_ci;
USE `lms`;

-- --------------------------------------------------------

--
-- Table structure for table `book`
--

CREATE TABLE `book` (
  `book_id` int(11) NOT NULL,
  `book_title` varchar(100) NOT NULL,
  `category_id` varchar(50) NOT NULL,
  `author` varchar(50) NOT NULL,
  `book_copies` int(11) NOT NULL,
  `book_pub` varchar(100) NOT NULL,
  `publisher_name` varchar(100) NOT NULL,
  `copyright_year` int(11) NOT NULL
) ENGINE=InnoDB DEFAULT CHARSET=latin1;

--
-- Dumping data for table `book`
--

INSERT INTO `book` (`book_id`, `book_title`, `category_id`, `author`, `book_copies`, `book_pub`, `publisher_name`, `copyright_year`) VALUES
(15, 'Natural Resources', 'General', 'Robin Kerrod', 15, 'Marshall Cavendish Corporation', 'Marshall', 1997),
(16, 'Encyclopedia Americana', 'Encyclopedia', 'Grolier', 17, 'Connecticut', 'Grolier Incorporation', 1988),
(17, 'Algebra 1', 'Math', 'Carolyn Bradshaw, Michael Seals', 33, 'Pearson Education, Inc', 'Prentice Hall, New Jersey', 2004),
(18, 'Berita Harian', 'Newspaper', '..', 2, 'Pasay City', '..', 2013),
(19, 'Science in our World', 'Science', 'Brian Knapp', 25, 'Regency Publishing Group', 'Prentice Hall, Inc', 1996),
(20, 'Literature', 'References', 'Greg Glowka', 19, 'Regency Publishing Group', 'Prentice Hall, Inc', 2001),
(21, 'Lexicon Universal Encyclopedia', 'Encyclopedia', 'Lexicon', 10, 'Lexicon Publication', 'Pulication Inc., Lexicon', 1993),
(22, 'Science and Invention Encyclopedia', 'Encyclopedia', 'Clarke Donald, Dartford Mark', 15, 'H.S. Stuttman inc. Publishing', 'Publisher , Westport Connecticut', 1992),
(23, 'Integrated Science Textbook ', 'Science', 'Merde C. Tan', 15, 'Vibal Publishing House Inc.', '12536. Araneta Avenue Corner Ma. Clara St., Quezon City', 2009),
(24, 'Algebra 2', 'Math', 'Glencoe McGraw Hill', 14, 'The McGrawHill Companies Inc.', 'McGrawhill', 2008),
(25, 'Metro', 'Newspaper', '...', 27, '...', '...', 2000),
(26, 'English Expressways TextBook for 4th year', 'References', 'Virginia Bermudez Ed. O. et al', 23, 'SD Publications, Inc.', 'Gregorio Araneta Avenue, Quezon City', 2007),
(27, 'Asya Pag-usbong Ng Kabihasnan ', 'General', 'Ricardo T. Jose, Ph . D.', 21, 'Vibal Publishing House Inc.', 'Araneta Avenue . Cor. Maria Clara St., Quezon City', 2008),
(28, 'Literature (the readers choice)', 'References', 'Glencoe McGraw Hill', 20, '..', 'the McGrawHill Companies Inc', 2001),
(29, 'Beloved a Novel', 'References', 'Toni Morrison', 12, '..', 'Alfred A. Knoff, Inc', 1987),
(30, 'Silver Burdett Engish', 'English', 'Judy Brim', 11, 'Silver Burdett Company', 'Silver', 1985),
(31, 'The Corporate Warriors (Six Classic Cases in American Business)', 'General', 'Douglas K. Ramsey', 8, 'Houghton Miffin Company', '..', 1987),
(32, 'Introduction to Information System', 'References', 'Cristine Redoblo', 10, 'CHMSC', 'Brian INC', 2013);

-- --------------------------------------------------------

--
-- Table structure for table `borrow`
--

CREATE TABLE `borrow` (
  `borrow_id` int(11) NOT NULL,
  `member_id` bigint(50) NOT NULL,
  `date_borrow` varchar(100) NOT NULL,
  `due_date` varchar(100) DEFAULT NULL
) ENGINE=MyISAM DEFAULT CHARSET=utf8;

--
-- Dumping data for table `borrow`
--

INSERT INTO `borrow` (`borrow_id`, `member_id`, `date_borrow`, `due_date`) VALUES
(543, 91, '2015-12-19 20:40:14', '23/12/2015'),
(544, 91, '2015-12-19 20:43:58', '30/12/2015'),
(542, 90, '2015-12-19 20:27:53', '21/12/2015'),
(541, 89, '2015-12-19 20:27:27', '19/12/2015'),
(540, 90, '2015-12-19 20:26:45', '31/12/2015'),
(539, 90, '2015-12-19 20:26:27', '24/12/2015'),
(538, 89, '2015-12-19 20:25:26', '19/12/2015'),
(537, 88, '2015-12-19 20:17:15', '21/12/2015'),
(536, 88, '2015-12-19 20:16:41', '19/12/2015');

-- --------------------------------------------------------

--
-- Table structure for table `borrowdetails`
--

CREATE TABLE `borrowdetails` (
  `borrow_details_id` int(11) NOT NULL,
  `book_id` int(11) NOT NULL,
  `borrow_id` int(11) NOT NULL,
  `borrow_status` varchar(50) NOT NULL,
  `date_return` varchar(100) NOT NULL
) ENGINE=MyISAM DEFAULT CHARSET=latin1;

--
-- Dumping data for table `borrowdetails`
--

INSERT INTO `borrowdetails` (`borrow_details_id`, `book_id`, `borrow_id`, `borrow_status`, `date_return`) VALUES
(248, 32, 544, 'returned', '2015-12-19 20:44:13'),
(247, 31, 544, 'returned', '2015-12-19 20:44:06'),
(237, 16, 537, 'returned', '2015-12-19 20:25:32'),
(238, 30, 538, 'returned', '2015-12-19 20:28:19'),
(239, 21, 539, 'returned', '2015-12-19 20:26:59'),
(240, 23, 539, 'returned', '2015-12-19 20:26:52'),
(241, 32, 540, 'returned', '2015-12-19 20:26:54'),
(242, 17, 541, 'borrowing', ''),
(243, 16, 542, 'borrowing', ''),
(244, 15, 543, 'returned', '2015-12-19 20:43:20'),
(245, 16, 543, 'borrowing', ''),
(246, 17, 543, 'returned', '2015-12-19 20:40:56'),
(236, 15, 537, 'returned', '2015-12-19 20:25:35'),
(235, 17, 536, 'borrowing', '');

-- --------------------------------------------------------

--
-- Table structure for table `member`
--

CREATE TABLE `member` (
  `member_id` int(11) NOT NULL,
  `matric_no` varchar(100) NOT NULL,
  `name` varchar(100) NOT NULL,
  `ic_number` varchar(12) NOT NULL,
  `password` varchar(20) NOT NULL,
  `gender` varchar(10) NOT NULL,
  `address` varchar(100) NOT NULL,
  `contact` varchar(100) NOT NULL,
  `year_level` varchar(100) NOT NULL,
  `level` varchar(5) NOT NULL,
  `status` varchar(10) NOT NULL
) ENGINE=InnoDB DEFAULT CHARSET=latin1;

--
-- Dumping data for table `member`
--

INSERT INTO `member` (`member_id`, `matric_no`, `name`, `ic_number`, `password`, `gender`, `address`, `contact`, `year_level`, `level`, `status`) VALUES
(71, 'A001', 'Mohd Fauzi Bin Che Ahmed', '540411035185', '123456', 'Male', 'Universiti teknikal malaysia melaka', '0123456780', '-', 'Admin', '0'),
(86, 'A002', 'Muhammad Bin Ahmed', '750214145383', '123456', 'Male', 'Kampung Durian tunggal, melaka', '0123456789', 'None', 'Admin', ''),
(88, 'B031410208', 'MUHAMMAD HAZIM BIN MOHD FAUZI', '950227115961', '123456', 'Male', 'LOT666, KAMPUNG ENGGONG,18000 KUALA KRAI, KELANTAN', '0137664533', 'Second Year', 'User', 'Active'),
(89, 'B031410123', 'MOHD NASRULLAH', '940325115261', '1111', 'Male', '4A JALAN MAWAR 3', '0199562125', 'Fourth Year', 'User', 'Active'),
(90, 'B031410346', 'MUHAMAD SAFWAN', '951127145277', '12345', 'Male', 'A-1-4-D(1)', '0123546789', 'Third Year', 'User', 'Banned'),
(91, 'B031410313', 'EIZMAL RAFFAN BIN ABDUL RAZAK', '950924145015', 'ABC123', 'Male', 'A-1-4-B(1)', '0179443672', 'Second Year', 'User', 'Active');

--
-- Indexes for dumped tables
--

--
-- Indexes for table `book`
--
ALTER TABLE `book`
  ADD PRIMARY KEY (`book_id`);

--
-- Indexes for table `borrow`
--
ALTER TABLE `borrow`
  ADD PRIMARY KEY (`borrow_id`),
  ADD KEY `borrowerid` (`member_id`),
  ADD KEY `borrowid` (`borrow_id`);

--
-- Indexes for table `borrowdetails`
--
ALTER TABLE `borrowdetails`
  ADD PRIMARY KEY (`borrow_details_id`);

--
-- Indexes for table `member`
--
ALTER TABLE `member`
  ADD PRIMARY KEY (`member_id`);

--
-- AUTO_INCREMENT for dumped tables
--

--
-- AUTO_INCREMENT for table `book`
--
ALTER TABLE `book`
  MODIFY `book_id` int(11) NOT NULL AUTO_INCREMENT, AUTO_INCREMENT=33;
--
-- AUTO_INCREMENT for table `borrow`
--
ALTER TABLE `borrow`
  MODIFY `borrow_id` int(11) NOT NULL AUTO_INCREMENT, AUTO_INCREMENT=545;
--
-- AUTO_INCREMENT for table `borrowdetails`
--
ALTER TABLE `borrowdetails`
  MODIFY `borrow_details_id` int(11) NOT NULL AUTO_INCREMENT, AUTO_INCREMENT=249;
--
-- AUTO_INCREMENT for table `member`
--
ALTER TABLE `member`
  MODIFY `member_id` int(11) NOT NULL AUTO_INCREMENT, AUTO_INCREMENT=92;--
-- Database: `phpmyadmin`
--
CREATE DATABASE IF NOT EXISTS `phpmyadmin` DEFAULT CHARACTER SET utf8 COLLATE utf8_bin;
USE `phpmyadmin`;

-- --------------------------------------------------------

--
-- Table structure for table `pma__bookmark`
--

CREATE TABLE `pma__bookmark` (
  `id` int(11) NOT NULL,
  `dbase` varchar(255) COLLATE utf8_bin NOT NULL DEFAULT '',
  `user` varchar(255) COLLATE utf8_bin NOT NULL DEFAULT '',
  `label` varchar(255) CHARACTER SET utf8 NOT NULL DEFAULT '',
  `query` text COLLATE utf8_bin NOT NULL
) ENGINE=InnoDB DEFAULT CHARSET=utf8 COLLATE=utf8_bin COMMENT='Bookmarks';

-- --------------------------------------------------------

--
-- Table structure for table `pma__central_columns`
--

CREATE TABLE `pma__central_columns` (
  `db_name` varchar(64) COLLATE utf8_bin NOT NULL,
  `col_name` varchar(64) COLLATE utf8_bin NOT NULL,
  `col_type` varchar(64) COLLATE utf8_bin NOT NULL,
  `col_length` text COLLATE utf8_bin,
  `col_collation` varchar(64) COLLATE utf8_bin NOT NULL,
  `col_isNull` tinyint(1) NOT NULL,
  `col_extra` varchar(255) COLLATE utf8_bin DEFAULT '',
  `col_default` text COLLATE utf8_bin
) ENGINE=InnoDB DEFAULT CHARSET=utf8 COLLATE=utf8_bin COMMENT='Central list of columns';

-- --------------------------------------------------------

--
-- Table structure for table `pma__column_info`
--

CREATE TABLE `pma__column_info` (
  `id` int(5) UNSIGNED NOT NULL,
  `db_name` varchar(64) COLLATE utf8_bin NOT NULL DEFAULT '',
  `table_name` varchar(64) COLLATE utf8_bin NOT NULL DEFAULT '',
  `column_name` varchar(64) COLLATE utf8_bin NOT NULL DEFAULT '',
  `comment` varchar(255) CHARACTER SET utf8 NOT NULL DEFAULT '',
  `mimetype` varchar(255) CHARACTER SET utf8 NOT NULL DEFAULT '',
  `transformation` varchar(255) COLLATE utf8_bin NOT NULL DEFAULT '',
  `transformation_options` varchar(255) COLLATE utf8_bin NOT NULL DEFAULT '',
  `input_transformation` varchar(255) COLLATE utf8_bin NOT NULL DEFAULT '',
  `input_transformation_options` varchar(255) COLLATE utf8_bin NOT NULL DEFAULT ''
) ENGINE=InnoDB DEFAULT CHARSET=utf8 COLLATE=utf8_bin COMMENT='Column information for phpMyAdmin';

-- --------------------------------------------------------

--
-- Table structure for table `pma__designer_settings`
--

CREATE TABLE `pma__designer_settings` (
  `username` varchar(64) COLLATE utf8_bin NOT NULL,
  `settings_data` text COLLATE utf8_bin NOT NULL
) ENGINE=InnoDB DEFAULT CHARSET=utf8 COLLATE=utf8_bin COMMENT='Settings related to Designer';

-- --------------------------------------------------------

--
-- Table structure for table `pma__export_templates`
--

CREATE TABLE `pma__export_templates` (
  `id` int(5) UNSIGNED NOT NULL,
  `username` varchar(64) COLLATE utf8_bin NOT NULL,
  `export_type` varchar(10) COLLATE utf8_bin NOT NULL,
  `template_name` varchar(64) COLLATE utf8_bin NOT NULL,
  `template_data` text COLLATE utf8_bin NOT NULL
) ENGINE=InnoDB DEFAULT CHARSET=utf8 COLLATE=utf8_bin COMMENT='Saved export templates';

--
-- Dumping data for table `pma__export_templates`
--

INSERT INTO `pma__export_templates` (`id`, `username`, `export_type`, `template_name`, `template_data`) VALUES
(1, 'root', 'server', 'lms', '{"quick_or_custom":"quick","what":"sql","db_select[]":["lms","phpmyadmin","test","testing"],"output_format":"sendit","filename_template":"@SERVER@","remember_template":"on","charset":"utf-8","compression":"none","maxsize":"","codegen_structure_or_data":"data","codegen_format":"0","csv_separator":",","csv_enclosed":"\\"","csv_escaped":"\\"","csv_terminated":"AUTO","csv_null":"NULL","csv_structure_or_data":"data","excel_null":"NULL","excel_edition":"win","excel_structure_or_data":"data","htmlword_structure_or_data":"structure_and_data","htmlword_null":"NULL","json_structure_or_data":"data","latex_caption":"something","latex_structure_or_data":"structure_and_data","latex_structure_caption":"Structure of table @TABLE@","latex_structure_continued_caption":"Structure of table @TABLE@ (continued)","latex_structure_label":"tab:@TABLE@-structure","latex_relation":"something","latex_comments":"something","latex_mime":"something","latex_columns":"something","latex_data_caption":"Content of table @TABLE@","latex_data_continued_caption":"Content of table @TABLE@ (continued)","latex_data_label":"tab:@TABLE@-data","latex_null":"\\\\textit{NULL}","mediawiki_structure_or_data":"data","mediawiki_caption":"something","mediawiki_headers":"something","ods_null":"NULL","ods_structure_or_data":"data","odt_structure_or_data":"structure_and_data","odt_relation":"something","odt_comments":"something","odt_mime":"something","odt_columns":"something","odt_null":"NULL","pdf_report_title":"","pdf_structure_or_data":"data","phparray_structure_or_data":"data","sql_include_comments":"something","sql_header_comment":"","sql_compatibility":"NONE","sql_structure_or_data":"structure_and_data","sql_create_table":"something","sql_auto_increment":"something","sql_create_view":"something","sql_procedure_function":"something","sql_create_trigger":"something","sql_backquotes":"something","sql_type":"INSERT","sql_insert_syntax":"both","sql_max_query_size":"50000","sql_hex_for_binary":"something","sql_utc_time":"something","texytext_structure_or_data":"structure_and_data","texytext_null":"NULL","yaml_structure_or_data":"data","":null,"as_separate_files":null,"csv_removeCRLF":null,"csv_columns":null,"excel_removeCRLF":null,"excel_columns":null,"htmlword_columns":null,"json_pretty_print":null,"ods_columns":null,"sql_dates":null,"sql_relation":null,"sql_mime":null,"sql_use_transaction":null,"sql_disable_fk":null,"sql_views_as_tables":null,"sql_metadata":null,"sql_drop_database":null,"sql_drop_table":null,"sql_if_not_exists":null,"sql_truncate":null,"sql_delayed":null,"sql_ignore":null,"texytext_columns":null}');

-- --------------------------------------------------------

--
-- Table structure for table `pma__favorite`
--

CREATE TABLE `pma__favorite` (
  `username` varchar(64) COLLATE utf8_bin NOT NULL,
  `tables` text COLLATE utf8_bin NOT NULL
) ENGINE=InnoDB DEFAULT CHARSET=utf8 COLLATE=utf8_bin COMMENT='Favorite tables';

-- --------------------------------------------------------

--
-- Table structure for table `pma__history`
--

CREATE TABLE `pma__history` (
  `id` bigint(20) UNSIGNED NOT NULL,
  `username` varchar(64) COLLATE utf8_bin NOT NULL DEFAULT '',
  `db` varchar(64) COLLATE utf8_bin NOT NULL DEFAULT '',
  `table` varchar(64) COLLATE utf8_bin NOT NULL DEFAULT '',
  `timevalue` timestamp NOT NULL DEFAULT CURRENT_TIMESTAMP,
  `sqlquery` text COLLATE utf8_bin NOT NULL
) ENGINE=InnoDB DEFAULT CHARSET=utf8 COLLATE=utf8_bin COMMENT='SQL history for phpMyAdmin';

-- --------------------------------------------------------

--
-- Table structure for table `pma__navigationhiding`
--

CREATE TABLE `pma__navigationhiding` (
  `username` varchar(64) COLLATE utf8_bin NOT NULL,
  `item_name` varchar(64) COLLATE utf8_bin NOT NULL,
  `item_type` varchar(64) COLLATE utf8_bin NOT NULL,
  `db_name` varchar(64) COLLATE utf8_bin NOT NULL,
  `table_name` varchar(64) COLLATE utf8_bin NOT NULL
) ENGINE=InnoDB DEFAULT CHARSET=utf8 COLLATE=utf8_bin COMMENT='Hidden items of navigation tree';

-- --------------------------------------------------------

--
-- Table structure for table `pma__pdf_pages`
--

CREATE TABLE `pma__pdf_pages` (
  `db_name` varchar(64) COLLATE utf8_bin NOT NULL DEFAULT '',
  `page_nr` int(10) UNSIGNED NOT NULL,
  `page_descr` varchar(50) CHARACTER SET utf8 NOT NULL DEFAULT ''
) ENGINE=InnoDB DEFAULT CHARSET=utf8 COLLATE=utf8_bin COMMENT='PDF relation pages for phpMyAdmin';

-- --------------------------------------------------------

--
-- Table structure for table `pma__recent`
--

CREATE TABLE `pma__recent` (
  `username` varchar(64) COLLATE utf8_bin NOT NULL,
  `tables` text COLLATE utf8_bin NOT NULL
) ENGINE=InnoDB DEFAULT CHARSET=utf8 COLLATE=utf8_bin COMMENT='Recently accessed tables';

--
-- Dumping data for table `pma__recent`
--

INSERT INTO `pma__recent` (`username`, `tables`) VALUES
('root', '[{"db":"lms","table":"borrowdetails"},{"db":"lms","table":"member"},{"db":"lms","table":"borrow"},{"db":"lms","table":"book"},{"db":"testing","table":"book"},{"db":"testing","table":"member"},{"db":"testing","table":"category"},{"db":"lms","table":"users"},{"db":"lms","table":"category"},{"db":"lms","table":"lost_book"}]');

-- --------------------------------------------------------

--
-- Table structure for table `pma__relation`
--

CREATE TABLE `pma__relation` (
  `master_db` varchar(64) COLLATE utf8_bin NOT NULL DEFAULT '',
  `master_table` varchar(64) COLLATE utf8_bin NOT NULL DEFAULT '',
  `master_field` varchar(64) COLLATE utf8_bin NOT NULL DEFAULT '',
  `foreign_db` varchar(64) COLLATE utf8_bin NOT NULL DEFAULT '',
  `foreign_table` varchar(64) COLLATE utf8_bin NOT NULL DEFAULT '',
  `foreign_field` varchar(64) COLLATE utf8_bin NOT NULL DEFAULT ''
) ENGINE=InnoDB DEFAULT CHARSET=utf8 COLLATE=utf8_bin COMMENT='Relation table';

-- --------------------------------------------------------

--
-- Table structure for table `pma__savedsearches`
--

CREATE TABLE `pma__savedsearches` (
  `id` int(5) UNSIGNED NOT NULL,
  `username` varchar(64) COLLATE utf8_bin NOT NULL DEFAULT '',
  `db_name` varchar(64) COLLATE utf8_bin NOT NULL DEFAULT '',
  `search_name` varchar(64) COLLATE utf8_bin NOT NULL DEFAULT '',
  `search_data` text COLLATE utf8_bin NOT NULL
) ENGINE=InnoDB DEFAULT CHARSET=utf8 COLLATE=utf8_bin COMMENT='Saved searches';

-- --------------------------------------------------------

--
-- Table structure for table `pma__table_coords`
--

CREATE TABLE `pma__table_coords` (
  `db_name` varchar(64) COLLATE utf8_bin NOT NULL DEFAULT '',
  `table_name` varchar(64) COLLATE utf8_bin NOT NULL DEFAULT '',
  `pdf_page_number` int(11) NOT NULL DEFAULT '0',
  `x` float UNSIGNED NOT NULL DEFAULT '0',
  `y` float UNSIGNED NOT NULL DEFAULT '0'
) ENGINE=InnoDB DEFAULT CHARSET=utf8 COLLATE=utf8_bin COMMENT='Table coordinates for phpMyAdmin PDF output';

-- --------------------------------------------------------

--
-- Table structure for table `pma__table_info`
--

CREATE TABLE `pma__table_info` (
  `db_name` varchar(64) COLLATE utf8_bin NOT NULL DEFAULT '',
  `table_name` varchar(64) COLLATE utf8_bin NOT NULL DEFAULT '',
  `display_field` varchar(64) COLLATE utf8_bin NOT NULL DEFAULT ''
) ENGINE=InnoDB DEFAULT CHARSET=utf8 COLLATE=utf8_bin COMMENT='Table information for phpMyAdmin';

-- --------------------------------------------------------

--
-- Table structure for table `pma__table_uiprefs`
--

CREATE TABLE `pma__table_uiprefs` (
  `username` varchar(64) COLLATE utf8_bin NOT NULL,
  `db_name` varchar(64) COLLATE utf8_bin NOT NULL,
  `table_name` varchar(64) COLLATE utf8_bin NOT NULL,
  `prefs` text COLLATE utf8_bin NOT NULL,
  `last_update` timestamp NOT NULL DEFAULT CURRENT_TIMESTAMP ON UPDATE CURRENT_TIMESTAMP
) ENGINE=InnoDB DEFAULT CHARSET=utf8 COLLATE=utf8_bin COMMENT='Tables'' UI preferences';

--
-- Dumping data for table `pma__table_uiprefs`
--

INSERT INTO `pma__table_uiprefs` (`username`, `db_name`, `table_name`, `prefs`, `last_update`) VALUES
('root', 'eb_lms', 'member', '{"CREATE_TIME":"2015-11-30 10:56:10","col_visib":["1","1","1","1","1","1","1","1"]}', '2015-11-30 12:16:14'),
('root', 'lms', 'book', '{"sorted_col":"`book`.`book_id` ASC","CREATE_TIME":"2015-11-30 22:00:08","col_order":["1","0","2","3","4","5","6","7"],"col_visib":["1","1","1","1","1","1","1","1"]}', '2015-12-09 14:55:19');

-- --------------------------------------------------------

--
-- Table structure for table `pma__tracking`
--

CREATE TABLE `pma__tracking` (
  `db_name` varchar(64) COLLATE utf8_bin NOT NULL,
  `table_name` varchar(64) COLLATE utf8_bin NOT NULL,
  `version` int(10) UNSIGNED NOT NULL,
  `date_created` datetime NOT NULL,
  `date_updated` datetime NOT NULL,
  `schema_snapshot` text COLLATE utf8_bin NOT NULL,
  `schema_sql` text COLLATE utf8_bin,
  `data_sql` longtext COLLATE utf8_bin,
  `tracking` set('UPDATE','REPLACE','INSERT','DELETE','TRUNCATE','CREATE DATABASE','ALTER DATABASE','DROP DATABASE','CREATE TABLE','ALTER TABLE','RENAME TABLE','DROP TABLE','CREATE INDEX','DROP INDEX','CREATE VIEW','ALTER VIEW','DROP VIEW') COLLATE utf8_bin DEFAULT NULL,
  `tracking_active` int(1) UNSIGNED NOT NULL DEFAULT '1'
) ENGINE=InnoDB DEFAULT CHARSET=utf8 COLLATE=utf8_bin COMMENT='Database changes tracking for phpMyAdmin';

-- --------------------------------------------------------

--
-- Table structure for table `pma__userconfig`
--

CREATE TABLE `pma__userconfig` (
  `username` varchar(64) COLLATE utf8_bin NOT NULL,
  `timevalue` timestamp NOT NULL DEFAULT CURRENT_TIMESTAMP ON UPDATE CURRENT_TIMESTAMP,
  `config_data` text COLLATE utf8_bin NOT NULL
) ENGINE=InnoDB DEFAULT CHARSET=utf8 COLLATE=utf8_bin COMMENT='User preferences storage for phpMyAdmin';

--
-- Dumping data for table `pma__userconfig`
--

INSERT INTO `pma__userconfig` (`username`, `timevalue`, `config_data`) VALUES
('root', '2015-11-30 02:42:42', '{"collation_connection":"utf8mb4_unicode_ci"}');

-- --------------------------------------------------------

--
-- Table structure for table `pma__usergroups`
--

CREATE TABLE `pma__usergroups` (
  `usergroup` varchar(64) COLLATE utf8_bin NOT NULL,
  `tab` varchar(64) COLLATE utf8_bin NOT NULL,
  `allowed` enum('Y','N') COLLATE utf8_bin NOT NULL DEFAULT 'N'
) ENGINE=InnoDB DEFAULT CHARSET=utf8 COLLATE=utf8_bin COMMENT='User groups with configured menu items';

-- --------------------------------------------------------

--
-- Table structure for table `pma__users`
--

CREATE TABLE `pma__users` (
  `username` varchar(64) COLLATE utf8_bin NOT NULL,
  `usergroup` varchar(64) COLLATE utf8_bin NOT NULL
) ENGINE=InnoDB DEFAULT CHARSET=utf8 COLLATE=utf8_bin COMMENT='Users and their assignments to user groups';

--
-- Indexes for dumped tables
--

--
-- Indexes for table `pma__bookmark`
--
ALTER TABLE `pma__bookmark`
  ADD PRIMARY KEY (`id`);

--
-- Indexes for table `pma__central_columns`
--
ALTER TABLE `pma__central_columns`
  ADD PRIMARY KEY (`db_name`,`col_name`);

--
-- Indexes for table `pma__column_info`
--
ALTER TABLE `pma__column_info`
  ADD PRIMARY KEY (`id`),
  ADD UNIQUE KEY `db_name` (`db_name`,`table_name`,`column_name`);

--
-- Indexes for table `pma__designer_settings`
--
ALTER TABLE `pma__designer_settings`
  ADD PRIMARY KEY (`username`);

--
-- Indexes for table `pma__export_templates`
--
ALTER TABLE `pma__export_templates`
  ADD PRIMARY KEY (`id`),
  ADD UNIQUE KEY `u_user_type_template` (`username`,`export_type`,`template_name`);

--
-- Indexes for table `pma__favorite`
--
ALTER TABLE `pma__favorite`
  ADD PRIMARY KEY (`username`);

--
-- Indexes for table `pma__history`
--
ALTER TABLE `pma__history`
  ADD PRIMARY KEY (`id`),
  ADD KEY `username` (`username`,`db`,`table`,`timevalue`);

--
-- Indexes for table `pma__navigationhiding`
--
ALTER TABLE `pma__navigationhiding`
  ADD PRIMARY KEY (`username`,`item_name`,`item_type`,`db_name`,`table_name`);

--
-- Indexes for table `pma__pdf_pages`
--
ALTER TABLE `pma__pdf_pages`
  ADD PRIMARY KEY (`page_nr`),
  ADD KEY `db_name` (`db_name`);

--
-- Indexes for table `pma__recent`
--
ALTER TABLE `pma__recent`
  ADD PRIMARY KEY (`username`);

--
-- Indexes for table `pma__relation`
--
ALTER TABLE `pma__relation`
  ADD PRIMARY KEY (`master_db`,`master_table`,`master_field`),
  ADD KEY `foreign_field` (`foreign_db`,`foreign_table`);

--
-- Indexes for table `pma__savedsearches`
--
ALTER TABLE `pma__savedsearches`
  ADD PRIMARY KEY (`id`),
  ADD UNIQUE KEY `u_savedsearches_username_dbname` (`username`,`db_name`,`search_name`);

--
-- Indexes for table `pma__table_coords`
--
ALTER TABLE `pma__table_coords`
  ADD PRIMARY KEY (`db_name`,`table_name`,`pdf_page_number`);

--
-- Indexes for table `pma__table_info`
--
ALTER TABLE `pma__table_info`
  ADD PRIMARY KEY (`db_name`,`table_name`);

--
-- Indexes for table `pma__table_uiprefs`
--
ALTER TABLE `pma__table_uiprefs`
  ADD PRIMARY KEY (`username`,`db_name`,`table_name`);

--
-- Indexes for table `pma__tracking`
--
ALTER TABLE `pma__tracking`
  ADD PRIMARY KEY (`db_name`,`table_name`,`version`);

--
-- Indexes for table `pma__userconfig`
--
ALTER TABLE `pma__userconfig`
  ADD PRIMARY KEY (`username`);

--
-- Indexes for table `pma__usergroups`
--
ALTER TABLE `pma__usergroups`
  ADD PRIMARY KEY (`usergroup`,`tab`,`allowed`);

--
-- Indexes for table `pma__users`
--
ALTER TABLE `pma__users`
  ADD PRIMARY KEY (`username`,`usergroup`);

--
-- AUTO_INCREMENT for dumped tables
--

--
-- AUTO_INCREMENT for table `pma__bookmark`
--
ALTER TABLE `pma__bookmark`
  MODIFY `id` int(11) NOT NULL AUTO_INCREMENT;
--
-- AUTO_INCREMENT for table `pma__column_info`
--
ALTER TABLE `pma__column_info`
  MODIFY `id` int(5) UNSIGNED NOT NULL AUTO_INCREMENT;
--
-- AUTO_INCREMENT for table `pma__export_templates`
--
ALTER TABLE `pma__export_templates`
  MODIFY `id` int(5) UNSIGNED NOT NULL AUTO_INCREMENT, AUTO_INCREMENT=2;
--
-- AUTO_INCREMENT for table `pma__history`
--
ALTER TABLE `pma__history`
  MODIFY `id` bigint(20) UNSIGNED NOT NULL AUTO_INCREMENT;
--
-- AUTO_INCREMENT for table `pma__pdf_pages`
--
ALTER TABLE `pma__pdf_pages`
  MODIFY `page_nr` int(10) UNSIGNED NOT NULL AUTO_INCREMENT;
--
-- AUTO_INCREMENT for table `pma__savedsearches`
--
ALTER TABLE `pma__savedsearches`
  MODIFY `id` int(5) UNSIGNED NOT NULL AUTO_INCREMENT;--
-- Database: `test`
--
CREATE DATABASE IF NOT EXISTS `test` DEFAULT CHARACTER SET latin1 COLLATE latin1_swedish_ci;
USE `test`;
--
-- Database: `testing`
--
CREATE DATABASE IF NOT EXISTS `testing` DEFAULT CHARACTER SET latin1 COLLATE latin1_swedish_ci;
USE `testing`;

-- --------------------------------------------------------

--
-- Table structure for table `book`
--

CREATE TABLE `book` (
  `book_id` int(11) NOT NULL,
  `book_title` varchar(100) NOT NULL,
  `category_id` int(50) NOT NULL,
  `author` varchar(50) NOT NULL,
  `book_copies` int(11) NOT NULL,
  `book_pub` varchar(100) NOT NULL,
  `publisher_name` varchar(100) NOT NULL,
  `isbn` varchar(50) NOT NULL,
  `copyright_year` int(11) NOT NULL,
  `date_receive` varchar(20) NOT NULL,
  `date_added` datetime NOT NULL,
  `status` varchar(30) NOT NULL
) ENGINE=InnoDB DEFAULT CHARSET=latin1;

--
-- Dumping data for table `book`
--

INSERT INTO `book` (`book_id`, `book_title`, `category_id`, `author`, `book_copies`, `book_pub`, `publisher_name`, `isbn`, `copyright_year`, `date_receive`, `date_added`, `status`) VALUES
(15, 'Natural Resources', 8, 'Robin Kerrod', 15, 'Marshall Cavendish Corporation', 'Marshall', '1-85435-628-3', 1997, '', '2013-12-11 06:34:27', 'New'),
(16, 'Encyclopedia Americana', 5, 'Grolier', 20, 'Connecticut', 'Grolier Incorporation', '0-7172-0119-8', 1988, '', '2013-12-11 06:36:23', 'Archive'),
(17, 'Algebra 1', 3, 'Carolyn Bradshaw, Michael Seals', 35, 'Pearson Education, Inc', 'Prentice Hall, New Jersey', '0-13-125087-6', 2004, '', '2013-12-11 06:39:17', 'Damage'),
(18, 'The Philippine Daily Inquirer', 7, '..', 3, 'Pasay City', '..', '..', 2013, '', '2013-12-11 06:41:53', 'New'),
(19, 'Science in our World', 4, 'Brian Knapp', 25, 'Regency Publishing Group', 'Prentice Hall, Inc', '0-13-050841-1', 1996, '', '2013-12-11 06:44:44', 'Lost'),
(20, 'Literature', 9, 'Greg Glowka', 20, 'Regency Publishing Group', 'Prentice Hall, Inc', '0-13-050841-1', 2001, '', '2013-12-11 06:47:44', 'Old'),
(21, 'Lexicon Universal Encyclopedia', 5, 'Lexicon', 10, 'Lexicon Publication', 'Pulication Inc., Lexicon', '0-7172-2043-5', 1993, '', '2013-12-11 06:49:53', 'Old'),
(22, 'Science and Invention Encyclopedia', 5, 'Clarke Donald, Dartford Mark', 16, 'H.S. Stuttman inc. Publishing', 'Publisher , Westport Connecticut', '0-87475-450-x', 1992, '', '2013-12-11 06:52:58', 'New'),
(23, 'Integrated Science Textbook ', 4, 'Merde C. Tan', 15, 'Vibal Publishing House Inc.', '12536. Araneta Avenue Corner Ma. Clara St., Quezon City', '971-570-124-8', 2009, '', '2013-12-11 06:55:27', 'New'),
(24, 'Algebra 2', 3, 'Glencoe McGraw Hill', 15, 'The McGrawHill Companies Inc.', 'McGrawhill', '978-0-07-873830-2', 2008, '', '2013-12-11 06:57:35', 'New'),
(25, 'Wiki at Panitikan ', 7, 'Lorenza P. Avera', 28, 'JGM & S Corporation', 'JGM & S Corporation', '971-07-1574-7', 2000, '', '2013-12-11 06:59:24', 'Damage'),
(26, 'English Expressways TextBook for 4th year', 9, 'Virginia Bermudez Ed. O. et al', 23, 'SD Publications, Inc.', 'Gregorio Araneta Avenue, Quezon City', '978-971-0315-33-8', 2007, '', '2013-12-11 07:01:25', 'New'),
(27, 'Asya Pag-usbong Ng Kabihasnan ', 8, 'Ricardo T. Jose, Ph . D.', 21, 'Vibal Publishing House Inc.', 'Araneta Avenue . Cor. Maria Clara St., Quezon City', '971-07-2324-3', 2008, '', '2013-12-11 07:02:56', 'New'),
(28, 'Literature (the readers choice)', 9, 'Glencoe McGraw Hill', 20, '..', 'the McGrawHill Companies Inc', '0-02-817934-x', 2001, '', '2013-12-11 07:05:25', 'Damage'),
(29, 'Beloved a Novel', 9, 'Toni Morrison', 13, '..', 'Alfred A. Knoff, Inc', '0-394-53597-9', 1987, '', '2013-12-11 07:07:02', 'Old'),
(30, 'Silver Burdett Engish', 2, 'Judy Brim', 12, 'Silver Burdett Company', 'Silver', '0-382-03575-5', 1985, '', '2013-12-11 09:22:50', 'Old'),
(31, 'The Corporate Warriors (Six Classic Cases in American Business)', 8, 'Douglas K. Ramsey', 8, 'Houghton Miffin Company', '..', '0-395-35487-0', 1987, '', '2013-12-11 09:25:32', 'Old'),
(32, 'Introduction to Information System', 9, 'Cristine Redoblo', 10, 'CHMSC', 'Brian INC', '123-132', 2013, '', '2014-01-17 19:00:10', 'New');

-- --------------------------------------------------------

--
-- Table structure for table `borrow`
--

CREATE TABLE `borrow` (
  `borrow_id` int(11) NOT NULL,
  `member_id` bigint(50) NOT NULL,
  `date_borrow` varchar(100) NOT NULL,
  `due_date` varchar(100) DEFAULT NULL
) ENGINE=MyISAM DEFAULT CHARSET=utf8;

--
-- Dumping data for table `borrow`
--

INSERT INTO `borrow` (`borrow_id`, `member_id`, `date_borrow`, `due_date`) VALUES
(484, 55, '2014-03-20 23:50:27', '21/03/2014'),
(483, 55, '2014-03-20 23:49:34', '21/03/2014'),
(482, 52, '2014-03-20 23:38:22', '03/01/2014'),
(485, 52, '2015-12-06 16:06:39', '09/12/2015'),
(486, 52, '2015-12-06 16:08:12', '09/12/2015');

-- --------------------------------------------------------

--
-- Table structure for table `borrowdetails`
--

CREATE TABLE `borrowdetails` (
  `borrow_details_id` int(11) NOT NULL,
  `book_id` int(11) NOT NULL,
  `borrow_id` int(11) NOT NULL,
  `borrow_status` varchar(50) NOT NULL,
  `date_return` varchar(100) NOT NULL
) ENGINE=MyISAM DEFAULT CHARSET=latin1;

--
-- Dumping data for table `borrowdetails`
--

INSERT INTO `borrowdetails` (`borrow_details_id`, `book_id`, `borrow_id`, `borrow_status`, `date_return`) VALUES
(164, 16, 484, 'pending', ''),
(162, 15, 482, 'pending', ''),
(163, 15, 483, 'returned', '2015-12-06 16:25:17'),
(165, 15, 485, 'pending', ''),
(166, 15, 486, 'returned', '2015-12-06 16:25:44');

-- --------------------------------------------------------

--
-- Table structure for table `category`
--

CREATE TABLE `category` (
  `category_id` int(11) NOT NULL,
  `classname` varchar(50) DEFAULT NULL
) ENGINE=MyISAM DEFAULT CHARSET=utf8;

--
-- Dumping data for table `category`
--

INSERT INTO `category` (`category_id`, `classname`) VALUES
(1, 'Periodical'),
(2, 'English'),
(3, 'Math'),
(4, 'Science'),
(5, 'Encyclopedia'),
(6, 'Filipiniana'),
(7, 'Newspaper'),
(8, 'General'),
(9, 'References');

-- --------------------------------------------------------

--
-- Table structure for table `lost_book`
--

CREATE TABLE `lost_book` (
  `Book_ID` int(11) NOT NULL,
  `ISBN` int(11) NOT NULL,
  `Member_No` varchar(50) NOT NULL,
  `Date Lost` date NOT NULL
) ENGINE=InnoDB DEFAULT CHARSET=latin1;

-- --------------------------------------------------------

--
-- Table structure for table `member`
--

CREATE TABLE `member` (
  `member_id` int(11) NOT NULL,
  `firstname` varchar(100) NOT NULL,
  `lastname` varchar(100) NOT NULL,
  `gender` varchar(10) NOT NULL,
  `address` varchar(100) NOT NULL,
  `contact` varchar(100) NOT NULL,
  `type` varchar(100) NOT NULL,
  `year_level` varchar(100) NOT NULL,
  `status` varchar(100) NOT NULL
) ENGINE=InnoDB DEFAULT CHARSET=latin1;

--
-- Dumping data for table `member`
--

INSERT INTO `member` (`member_id`, `firstname`, `lastname`, `gender`, `address`, `contact`, `type`, `year_level`, `status`) VALUES
(52, 'Mark', 'Sanchez', 'Male', 'Talisay', '212010', 'Teacher', 'Faculty', 'Active'),
(53, 'April Joy', 'Aguilar', 'Female', 'E.B. Magalona', '00', 'Student', 'Second Year', 'Banned'),
(55, 'Jonathan ', 'Antanilla', 'Male', 'E.B. Magalona', '0032', 'Student', 'Fourth Year', 'Active'),
(56, 'Renzo Bryan', 'Pedroso', 'Male', 'Silay City', '03030', 'Student', 'Third Year', 'Active'),
(57, 'Eleazar', 'Duterte', 'Male', 'E.B. Magalona', '90902', 'Student', 'Second Year', 'Active'),
(58, 'Ellen Mae', 'Espino', 'Female', 'E.B. Magalona', '123', 'Student', 'First Year', 'Active'),
(59, 'Ruth', 'Magbanua', 'Female', 'E.B. Magalona', '9340', 'Student', 'Second Year', 'Active'),
(60, 'Shaina Marie', 'Gabino', 'Female', 'Silay City', '132134', 'Student', 'Second Year', 'Active'),
(62, 'Chairty Joy', 'Punzalan', 'Female', 'E.B. Magalona', '12423', 'Teacher', 'Faculty', 'Active'),
(63, 'Kristine May', 'Dela Rosa', 'Female', 'Silay City', '1321', 'Student', 'Second Year', 'Active'),
(64, 'Chinie marie', 'Laborosa', 'Female', 'E.B. Magalona', '902101', 'Student', 'Second Year', 'Active'),
(65, 'Ruby', 'Morante', 'Female', 'E.B. Magalona', '', 'Teacher', 'Faculty', 'Active');

-- --------------------------------------------------------

--
-- Table structure for table `type`
--

CREATE TABLE `type` (
  `id` int(11) NOT NULL,
  `borrowertype` varchar(50) DEFAULT NULL
) ENGINE=MyISAM DEFAULT CHARSET=utf8;

--
-- Dumping data for table `type`
--

INSERT INTO `type` (`id`, `borrowertype`) VALUES
(2, 'Teacher'),
(20, 'Employee'),
(21, 'Non-Teaching'),
(22, 'Student'),
(32, 'Contruction');

-- --------------------------------------------------------

--
-- Table structure for table `users`
--

CREATE TABLE `users` (
  `user_id` int(11) NOT NULL,
  `username` varchar(100) NOT NULL,
  `password` varchar(100) NOT NULL,
  `firstname` varchar(100) NOT NULL,
  `lastname` varchar(100) NOT NULL
) ENGINE=InnoDB DEFAULT CHARSET=latin1;

--
-- Dumping data for table `users`
--

INSERT INTO `users` (`user_id`, `username`, `password`, `firstname`, `lastname`) VALUES
(2, 'admin', 'admin', 'john', 'smith');

--
-- Indexes for dumped tables
--

--
-- Indexes for table `book`
--
ALTER TABLE `book`
  ADD PRIMARY KEY (`book_id`);

--
-- Indexes for table `borrow`
--
ALTER TABLE `borrow`
  ADD PRIMARY KEY (`borrow_id`),
  ADD KEY `borrowerid` (`member_id`),
  ADD KEY `borrowid` (`borrow_id`);

--
-- Indexes for table `borrowdetails`
--
ALTER TABLE `borrowdetails`
  ADD PRIMARY KEY (`borrow_details_id`);

--
-- Indexes for table `category`
--
ALTER TABLE `category`
  ADD PRIMARY KEY (`category_id`),
  ADD UNIQUE KEY `category_id` (`category_id`),
  ADD KEY `classid` (`category_id`);

--
-- Indexes for table `lost_book`
--
ALTER TABLE `lost_book`
  ADD PRIMARY KEY (`Book_ID`);

--
-- Indexes for table `member`
--
ALTER TABLE `member`
  ADD PRIMARY KEY (`member_id`);

--
-- Indexes for table `type`
--
ALTER TABLE `type`
  ADD PRIMARY KEY (`id`),
  ADD KEY `borrowertype` (`borrowertype`),
  ADD KEY `id` (`id`);

--
-- Indexes for table `users`
--
ALTER TABLE `users`
  ADD PRIMARY KEY (`user_id`);

--
-- AUTO_INCREMENT for dumped tables
--

--
-- AUTO_INCREMENT for table `book`
--
ALTER TABLE `book`
  MODIFY `book_id` int(11) NOT NULL AUTO_INCREMENT, AUTO_INCREMENT=33;
--
-- AUTO_INCREMENT for table `borrow`
--
ALTER TABLE `borrow`
  MODIFY `borrow_id` int(11) NOT NULL AUTO_INCREMENT, AUTO_INCREMENT=487;
--
-- AUTO_INCREMENT for table `borrowdetails`
--
ALTER TABLE `borrowdetails`
  MODIFY `borrow_details_id` int(11) NOT NULL AUTO_INCREMENT, AUTO_INCREMENT=167;
--
-- AUTO_INCREMENT for table `category`
--
ALTER TABLE `category`
  MODIFY `category_id` int(11) NOT NULL AUTO_INCREMENT, AUTO_INCREMENT=801;
--
-- AUTO_INCREMENT for table `lost_book`
--
ALTER TABLE `lost_book`
  MODIFY `Book_ID` int(11) NOT NULL AUTO_INCREMENT;
--
-- AUTO_INCREMENT for table `member`
--
ALTER TABLE `member`
  MODIFY `member_id` int(11) NOT NULL AUTO_INCREMENT, AUTO_INCREMENT=66;
--
-- AUTO_INCREMENT for table `type`
--
ALTER TABLE `type`
  MODIFY `id` int(11) NOT NULL AUTO_INCREMENT, AUTO_INCREMENT=42;
--
-- AUTO_INCREMENT for table `users`
--
ALTER TABLE `users`
  MODIFY `user_id` int(11) NOT NULL AUTO_INCREMENT, AUTO_INCREMENT=3;
/*!40101 SET CHARACTER_SET_CLIENT=@OLD_CHARACTER_SET_CLIENT */;
/*!40101 SET CHARACTER_SET_RESULTS=@OLD_CHARACTER_SET_RESULTS */;
/*!40101 SET COLLATION_CONNECTION=@OLD_COLLATION_CONNECTION */;
